<?xml version="1.0" encoding="UTF-8" standalone="yes"?>
<addon id="plugin.video.sublim3wizard3" name="[COLOR white]Sub[/COLOR][COLOR green]L[/COLOR][COLOR white]im[/COLOR][COLOR green]3[/COLOR] [COLOR white]Wizard[/COLOR]" version="3.7" provider-name="SubLim3">
 <requires>
    <import addon="xbmc.python" version="2.1.0"/>
	<import addon="script.module.requests" version="2.9.1"/>
  </requires>
  <extension point="xbmc.python.pluginsource" library="default.py">
    <provides>video executable</provides>
  </extension>
  <extension point="xbmc.service" library="startup.py" start="startup" />
  <extension point="xbmc.addon.metadata">
    <summary lang="en">[COLOR white]Install Sub[/COLOR][COLOR green]L[/COLOR][COLOR white]im[/COLOR][COLOR green]3[/COLOR] [COLOR white]Builds and more.[/COLOR]</summary>
    <description lang="en">[B]Best Kodi Builds[/B] for Amazon Firestick / Fire TV / Fire Cube, Android, Nvidia Shield TV, Windows / Mac / Linux Computers, Xbox One, iPhone, iPad, RaspberryPi and many more.</description>
    <platform>all</platform>
  </extension>
</addon>
